{"categories":[{"parentId":null,"reserved":false,"sortNumber":0,"categoryId":"im_accel_studio","names":{"zh_CN":{"locale":"zh_CN","value":"根据业务模板进行创建"},"en":{"locale":"en","value":"Create from Business Template"},"ja":{"locale":"ja","value":"業務テンプレートから作成"}},"descriptions":{"zh_CN":{"locale":"zh_CN","value":"根据业务模板创建的实体类别。"},"en":{"locale":"en","value":"This entity category was created from a business template."},"ja":{"locale":"ja","value":"業務テンプレートから作成されたエンティティカテゴリです。"}},"defaultName":"業務テンプレートから作成","description":"業務テンプレートから作成されたエンティティカテゴリです。","type":"entityset-entity-category","defaultDescription":"業務テンプレートから作成されたエンティティカテゴリです。"}],"entities":[{"parentId":"im_accel_studio","reserved":false,"sortNumber":1,"id":"live2024_live2024_profile_ENTITY_000_8hctr7s6v18oy85","names":{"zh_CN":{"locale":"zh_CN","value":null},"en":{"locale":"en","value":null},"ja":{"locale":"ja","value":null}},"descriptions":{"zh_CN":{"locale":"zh_CN","value":"根据「简单工作流」模板创建的实体。"},"en":{"locale":"en","value":"This is the entity created from a \"Simple Workflow\" template."},"ja":{"locale":"ja","value":"「シンプルなワークフロー」テンプレートから作成されたエンティティです。"}},"enabled":true,"items":[{"id":"simple_workflow-user_data_id","type":"dictionary-item","sortNumber":0,"primaryKey":true,"required":true,"relationId":null,"variableName":null,"array":false},{"id":"live2024_name_DICTIONARY_001_8hctr7s4h18or85","type":"dictionary-item","sortNumber":1,"primaryKey":false,"required":false,"relationId":null,"variableName":null,"array":false},{"id":"live2024_age_DICTIONARY_002_8hctr7s4h18os85","type":"dictionary-item","sortNumber":2,"primaryKey":false,"required":false,"relationId":null,"variableName":null,"array":false},{"id":"live2024_address_DICTIONARY_003_8hctr7s4h18ot85","type":"dictionary-item","sortNumber":3,"primaryKey":false,"required":false,"relationId":null,"variableName":null,"array":false},{"id":"mail","type":"dictionary-item","sortNumber":4,"primaryKey":false,"required":false,"relationId":null,"variableName":null,"array":false},{"id":"live2024_live2024_profile_detail_ENTITY_001_8hctr7s6v18oz85","type":"entityset-entity","sortNumber":5,"primaryKey":false,"required":false,"relationId":"8hctr7s6v18p485","variableName":"live2024_profile_detail_ENTITY_001","array":true}],"defaultName":"プロフィール","description":"「シンプルなワークフロー」テンプレートから作成されたエンティティです。","name":"プロフィール","type":"entityset-entity","defaultDescription":"「シンプルなワークフロー」テンプレートから作成されたエンティティです。"},{"parentId":"im_accel_studio","reserved":false,"sortNumber":0,"id":"live2024_live2024_profile_detail_ENTITY_001_8hctr7s6v18oz85","names":{"zh_CN":{"locale":"zh_CN","value":null},"en":{"locale":"en","value":null},"ja":{"locale":"ja","value":null}},"descriptions":{"zh_CN":{"locale":"zh_CN","value":"根据「简单工作流」模板创建的实体。"},"en":{"locale":"en","value":"This is the entity created from a \"Simple Workflow\" template."},"ja":{"locale":"ja","value":"「シンプルなワークフロー」テンプレートから作成されたエンティティです。"}},"enabled":true,"items":[{"id":"simple_workflow-user_data_id","type":"dictionary-item","sortNumber":0,"primaryKey":true,"required":true,"relationId":null,"variableName":null,"array":false},{"id":"simple_workflow-sub_table_id","type":"dictionary-item","sortNumber":1,"primaryKey":true,"required":true,"relationId":null,"variableName":null,"array":false},{"id":"live2024_hobby_DICTIONARY_004_8hctr7s4h18ou85","type":"dictionary-item","sortNumber":2,"primaryKey":false,"required":false,"relationId":null,"variableName":null,"array":false}],"defaultName":"プロフィール詳細","description":"「シンプルなワークフロー」テンプレートから作成されたエンティティです。","name":"プロフィール詳細","type":"entityset-entity","defaultDescription":"「シンプルなワークフロー」テンプレートから作成されたエンティティです。"}],"relations":[{"relationId":"8hctr7s6v18p485","sourceEntityId":"live2024_live2024_profile_ENTITY_000_8hctr7s6v18oy85","targetEntityId":"live2024_live2024_profile_detail_ENTITY_001_8hctr7s6v18oz85","multiplicity":"one-to-many","comments":"","sortNumber":0,"items":[{"relationId":"8hctr7s6v18p485","sourceId":"simple_workflow-user_data_id","sortNumber":0,"sourceType":"dictionary-item","targetId":"simple_workflow-user_data_id","targetType":"dictionary-item"}]}],"tableDefinitions":[{"entityId":"live2024_live2024_profile_ENTITY_000_8hctr7s6v18oy85","databaseKind":"tenant","connectionId":null,"tableName":"live2024_profile","enableChangeLog":false,"disableDifferenceTable":false,"entitySearchDefinitions":null,"externalReferenceDefinitions":null},{"entityId":"live2024_live2024_profile_detail_ENTITY_001_8hctr7s6v18oz85","databaseKind":"tenant","connectionId":"","tableName":"live2024_profile_detail","enableChangeLog":false,"disableDifferenceTable":false,"entitySearchDefinitions":[{"targetId":"simple_workflow-user_data_id","targetType":"dictionary-item","searchType":"exact-match","sortNumber":0}],"externalReferenceDefinitions":null}],"displaysets":null}